﻿TP-Link,Archer AX50,AX50-12345,Router,Funcional,3
HP,Color LaserJet Pro MFP M479FDW,LN69R93,Impresora,Defectuoso,4
HP,DeskJet 2755,HDJ45K886,Impresora,Funcional,5
Apple,iMac 24,IMC24M100,PC de Escritorio,Funcional,6
Apple,iMac 27,IMC27M200,PC de Escritorio,Funcional,7
Philips,IntelliVue MP90,PHILMP906SER123,Monitor Quirurgico,Funcional,8
Valleylab,FT10 Electrosurgical Generator,VALFT106SER45,Electrobisturies,Funcional,9
Dräger,Fabius GS,DRAGFA6BIUS123,Maquinaria de Anestesia,Por llegar,10
Siemens,Acuson SC2000,SIEMEN6SACU789,Ecografo,Funcional,11
GE,LOGIQ 7,GELOGI6Q789,Ecografo,Funcional,12
