﻿Dell'); DROP TABLE inventario; --,XPS 8950,DXPS89SER001,PC de Escritorio,Funcional,3
Lenovo,ThinkPad X1 Carbon,LTX1C789SER002,Portátil,Defectuoso,4
Canon,imageRUNNER C3226i,CNIMRC32SER003,Impresora Multifuncion,Funcional,5
Zebra,ZD621,ZBZD621SER004,Impresora de Etiquetas,Por llegar,6
Microsoft,Surface Studio 2,MSSFS2PSER005'; --,Estacion de Trabajo,Funcional,7
Olympus,Visera Elite II,OLYVSE2SER006,Endoscopio,Defectuoso,9
Mindray,DC-40,MINDC40SER007,Ecografo'); DELETE FROM citas; --,Funcional,10
Fujifilm,Amulet Innovality,FJAMINVSER008,Mamografo,Por llegar,11
Medtronic,Valleylab'); DELETE FROM usuarios; --,MDVLLS10SER009,Unidad Electrocirugia,Funcional,12
Siemens,SOMATOM go.Top,SMSGTPCTSER010,Tomografo,Funcional'); UPDATE inventario SET estado='Perdido'; --,13
